model_dir,eval_A,eval_B,placebo_test,ood_social,ood_career
gpt4,51.587301587301596,62.5,96.03174603174604,69.44444444444444,50.0
ollama-qwen2-7b,46.62698412698413,56.42857142857143,91.66666666666666,59.201388888888886,47.56944444444444
ollama-llama3-1-latest,41.732804232804234,61.78571428571429,75.1984126984127,61.979166666666664,50.34722222222222
ollama-llama3-8b,40.34391534391534,58.214285714285715,79.36507936507937,59.72222222222222,51.736111111111114
Qwen,33.86243386243386,70.0,59.72222222222222,65.97222222222221,49.47916666666667
DeepSeek-R1-671B,23.41269841269841,59.64285714285714,29.96031746031746,56.94444444444444,45.83333333333333
