dataset_split,best_acc,worst_acc,mean_acc,n_models,spread,best_model
eval_A,51.587301587301596,23.41269841269841,39.59435626102293,6,28.174603174603185,gpt4
eval_B,70.0,56.42857142857143,61.42857142857142,6,13.57142857142857,Qwen
placebo_test,96.03174603174604,29.96031746031746,71.99074074074075,6,66.07142857142858,gpt4
ood_social,69.44444444444444,56.94444444444444,62.210648148148145,6,12.5,gpt4
ood_career,51.736111111111114,45.83333333333333,49.160879629629626,6,5.902777777777786,ollama-llama3-8b
